{"Acceleration":[0.0,-982.0,0.0],"AimForEdge":true,"EmitterType":0,"EndColor":[0.966292142868042,1.0,0.0,1.0],"EndScale":[10.100000381469727,56.099998474121094,1.0],"EndSpeed":[0.0,-125.0,0.0],"InnerRadius":10.0,"Looping":false,"MaxLifeTime":5.0,"MaxSpeed":2500.0,"MinLifeTime":5.0,"OuterRadius":50.0,"Radius":50.0,"ScaleMultiplier":1.0,"ScaledDeltaTime":true,"SpawnOnEdge":true,"SpawnOnSurface":true,"SpawnRate":50.0,"SpeedMultiplier":1.0,"StartColor":[0.8014981150627136,0.0,0.0,1.0],"StartScale":[34.099998474121094,37.0,1.0],"StartSpeed":[0.0,100.0,219.5],"TexturePath":"","UseAcceleration":false}