{"ClearColor":{"a":1.0,"b":0.3308964967727661,"g":0.10332564264535904,"r":0.4901960492134094},"LerpAnimations":true,"TimeScale":1.0}