{"ClearColor":{"a":1.0,"b":0.4000000059604645,"g":0.20000000298023224,"r":0.6000000238418579}}