{"ClearColor":{"a":1.0,"b":0.6000000238418579,"g":0.4117647409439087,"r":0.20000000298023224}}