{"ClearColor":{"a":1.0,"b":0.28119999170303345,"g":0.20000000298023224,"r":0.5211882591247559}}