{"ClearColor":{"a":1.0,"b":0.8333333134651184,"g":0.23740872740745544,"r":0.17973855137825012}}