{"ClearColor":{"a":1.0,"b":0.2311130315065384,"g":0.05046134814620018,"r":0.4117646813392639}}