{"ClearColor":{"a":1.0,"b":0.07612448930740356,"g":0.6470588445663452,"r":0.0}}