{"ClearColor":{"a":1.0,"b":0.48716840147972107,"g":0.06257210671901703,"r":0.9117646813392639}}