{"ClearColor":{"a":1.0,"b":0.3855709135532379,"g":0.29635295271873474,"r":0.07220405340194702}}