{"BlendFactor":0.2029999941587448,"Preset1":{"w":1.0,"x":0.6000000238418579,"y":0.20000000298023224,"z":0.20000000298023224},"Preset2":{"w":1.0,"x":0.21176470816135406,"y":0.20000000298023224,"z":0.6000000238418579}}