{"BlendFactor":0.4169999957084656,"Preset1":{"w":1.0,"x":0.6000000238418579,"y":0.20000000298023224,"z":0.4000000059604645},"Preset2":{"w":1.0,"x":0.20000000298023224,"y":0.6000000238418579,"z":0.20000000298023224}}